"post_title","post_name","ID","post_excerpt","post_content","post_status","menu_order","post_date","post_author","comment_status","sku","downloadable","virtual","stock","regular_price","sale_price","weight","length","width","height","tax_class","visibility","stock_status","backorders","manage_stock","tax_status","upsell_ids","crosssell_ids","featured","sale_price_dates_from","sale_price_dates_to","download_limit","download_expiry","product_url","button_text","images","downloadable_files","tax:product_type","tax:product_cat","tax:product_tag","tax:product_shipping_class"
"Pattern design for cleaning cloth 02","pattern-design-for-cleaning-cloth-02","572","Te mel diam mucius mediocritatem. Sed in dicunt qualisque. Mundi soleat mediocrem no quo, tempor mollis sea et.","Per ut audire voluptua deterruisset. Impedit prodesset usu eu, has et habemus voluptatum. Te vix alii tritani electram. Te mel diam mucius mediocritatem. Sed in dicunt qualisque. Mundi soleat mediocrem no quo, tempor mollis sea et.","publish","0","2016-10-15 06:54:47","1","open","","yes","no","","39","","","","","","","visible","instock","no","no","","","","no","","","","","","","http://themes.uiueux.com/air/wp-content/uploads/sites/3/2016/10/3.jpg | http://themes.uiueux.com/air/wp-content/uploads/sites/3/2016/10/1.jpg","image::http://themes.uiueux.com/air/wp-content/uploads/sites/3/2016/10/1.jpg","simple","Illustration","",""
"Art Work 2","art-work-2","577","Mutat abhorreant intellegam quo ei, nec at duis qualisque tincidunt. Tritani repudiare no sea. Ad vim causae maiestatis liberavisse, sit nibh assum alterum ne, probo aeque scaevola cu his.","Utinam ocurreret an his, ea vim dicam moderatius consequuntur, cu bonorum minimum prodesset duo. An has cetero adipisci moderatius, amet quodsi iracundia ne quo, oblique moderatius constituam sed id. Mutat abhorreant intellegam quo ei, nec at duis qualisque tincidunt. Tritani repudiare no sea. Ad vim causae maiestatis liberavisse, sit nibh assum alterum ne, probo aeque scaevola cu his.","publish","0","2016-10-15 07:23:36","1","open","","no","no","","59","","","","","","","visible","instock","no","no","","","","no","","","","","","","http://themes.uiueux.com/air/wp-content/uploads/sites/3/2016/10/2-1.jpg","","simple","Photography","",""
"Art Work 1","art-work-1","580","An has cetero adipisci moderatius, amet quodsi iracundia ne quo, oblique moderatius constituam sed id. Mutat abhorreant intellegam quo ei, nec at duis qualisque tincidunt. Tritani repudiare no sea.","Utinam ocurreret an his, ea vim dicam moderatius consequuntur, cu bonorum minimum prodesset duo. An has cetero adipisci moderatius, amet quodsi iracundia ne quo, oblique moderatius constituam sed id. Mutat abhorreant intellegam quo ei, nec at duis qualisque tincidunt. Tritani repudiare no sea. Ad vim causae maiestatis liberavisse, sit nibh assum alterum ne, probo aeque scaevola cu his.","publish","0","2016-10-15 07:25:13","1","open","","no","no","","59","","","","","","","visible","instock","no","no","","","","no","","","","","","","http://themes.uiueux.com/air/wp-content/uploads/sites/3/2016/10/1-1.jpg","","simple","Photography","",""
"Art Work 3","art-work-3","581","Tritani repudiare no sea. Ad vim causae maiestatis liberavisse, sit nibh assum alterum ne, probo aeque scaevola cu his.","Utinam ocurreret an his, ea vim dicam moderatius consequuntur, cu bonorum minimum prodesset duo. An has cetero adipisci moderatius, amet quodsi iracundia ne quo, oblique moderatius constituam sed id. Mutat abhorreant intellegam quo ei, nec at duis qualisque tincidunt. Tritani repudiare no sea. Ad vim causae maiestatis liberavisse, sit nibh assum alterum ne, probo aeque scaevola cu his.","publish","0","2016-10-15 07:33:23","1","open","","no","no","","59","","","","","","","visible","instock","no","no","","","","no","","","","","","","http://themes.uiueux.com/air/wp-content/uploads/sites/3/2016/10/3.jpg","","simple","Photography","",""
"Art Work 4","art-work-4","583","Eu denique fierent postulant pro, ea est audiam neglegentur. Mel ne dictas tacimates corrumpit, in erat iisque detraxit mea. Sea ex sonet salutatus. Eu sed idque dolorum, te erant tempor eum, nam movet ornatus ad. Ne sit probo cotidieque, et vel sonet dicam officiis, ex odio clita pro.","Eu denique fierent postulant pro, ea est audiam neglegentur. Mel ne dictas tacimates corrumpit, in erat iisque detraxit mea. Sea ex sonet salutatus. Eu sed idque dolorum, te erant tempor eum, nam movet ornatus ad. Ne sit probo cotidieque, et vel sonet dicam officiis, ex odio clita pro.","publish","0","2016-10-15 07:45:14","1","open","","no","no","","59","","","","","","","visible","instock","no","no","","","","no","","","","","","","http://themes.uiueux.com/air/wp-content/uploads/sites/3/2016/10/4.jpg","","simple","Photography","",""
"Art Work 5","art-work-5","592","Eu denique fierent postulant pro, ea est audiam neglegentur. Mel ne dictas tacimates corrumpit, in erat iisque detraxit mea. Sea ex sonet salutatus.","Eu denique fierent postulant pro, ea est audiam neglegentur. Mel ne dictas tacimates corrumpit, in erat iisque detraxit mea. Sea ex sonet salutatus. Eu sed idque dolorum, te erant tempor eum, nam movet ornatus ad. Ne sit probo cotidieque, et vel sonet dicam officiis, ex odio clita pro.","publish","0","2016-10-15 07:46:05","1","open","","no","no","","59","","","","","","","visible","instock","no","no","","","","no","","","","","","","http://themes.uiueux.com/air/wp-content/uploads/sites/3/2016/10/5.jpg","","simple","Photography","",""
"Art Work 6","art-work-6","593","Duo cotidieque efficiantur an. Sit idque melius ut, amet erroribus et vix, vis in delenit necessitatibus. His ad ridens luptatum. Nonumy option definiebas ei pro, ne vide detracto concludaturque sit.","Duo cotidieque efficiantur an. Sit idque melius ut, amet erroribus et vix, vis in delenit necessitatibus. His ad ridens luptatum. Nonumy option definiebas ei pro, ne vide detracto concludaturque sit.

Aenean tellus metus, bibendum sed, posuere ac, mattis non, nunc. Vestibulum fringilla pede sit amet augue. In turpis. Pellentesque posuere. Praesent turpis. Aenean posuere, tortor sed cursus feugiat, nunc augue blandit nunc, eu sollicitudin urna dolor sagittis lacus. Donec elit libero, sodales nec, volutpat a, suscipit non, turpis.","publish","0","2016-10-15 07:52:00","1","open","","no","no","","59","","","","","","","visible","instock","no","no","","","","no","","","","","","","http://themes.uiueux.com/air/wp-content/uploads/sites/3/2016/10/6.jpg","","simple","Photography","",""
"Art Work7","art-work7","594","Duo cotidieque efficiantur an. Sit idque melius ut, amet erroribus et vix, vis in delenit necessitatibus. His ad ridens luptatum. Nonumy option definiebas ei pro, ne vide detracto concludaturque sit.","Duo cotidieque efficiantur an. Sit idque melius ut, amet erroribus et vix, vis in delenit necessitatibus. His ad ridens luptatum. Nonumy option definiebas ei pro, ne vide detracto concludaturque sit.

Aenean tellus metus, bibendum sed, posuere ac, mattis non, nunc. Vestibulum fringilla pede sit amet augue. In turpis. Pellentesque posuere. Praesent turpis. Aenean posuere, tortor sed cursus feugiat, nunc augue blandit nunc, eu sollicitudin urna dolor sagittis lacus. Donec elit libero, sodales nec, volutpat a, suscipit non, turpis.","publish","0","2016-10-15 07:52:14","1","open","","no","no","","59","","","","","","","visible","instock","no","no","","","","no","","","","","","","http://themes.uiueux.com/air/wp-content/uploads/sites/3/2016/10/7.jpg","","simple","Illustration","",""
"Art Work 8","art-work-8","595","Duo cotidieque efficiantur an. Sit idque melius ut, amet erroribus et vix, vis in delenit necessitatibus. His ad ridens luptatum. Nonumy option definiebas ei pro, ne vide detracto concludaturque sit.","Duo cotidieque efficiantur an. Sit idque melius ut, amet erroribus et vix, vis in delenit necessitatibus. His ad ridens luptatum. Nonumy option definiebas ei pro, ne vide detracto concludaturque sit.

Aenean tellus metus, bibendum sed, posuere ac, mattis non, nunc. Vestibulum fringilla pede sit amet augue. In turpis. Pellentesque posuere. Praesent turpis. Aenean posuere, tortor sed cursus feugiat, nunc augue blandit nunc, eu sollicitudin urna dolor sagittis lacus. Donec elit libero, sodales nec, volutpat a, suscipit non, turpis.","publish","0","2016-10-15 07:52:30","1","open","","no","no","","59","","","","","","","visible","instock","no","no","","","","no","","","","","","","http://themes.uiueux.com/air/wp-content/uploads/sites/3/2016/10/8.jpg","","simple","Photography","",""
"Art Work 9","art-work-9","596","Praesent turpis. Aenean posuere, tortor sed cursus feugiat, nunc augue blandit nunc, eu sollicitudin urna dolor sagittis lacus. Donec elit libero, sodales nec, volutpat a, suscipit non, turpis.","Aenean tellus metus, bibendum sed, posuere ac, mattis non, nunc. Vestibulum fringilla pede sit amet augue. In turpis. Pellentesque posuere. Praesent turpis. Aenean posuere, tortor sed cursus feugiat, nunc augue blandit nunc, eu sollicitudin urna dolor sagittis lacus. Donec elit libero, sodales nec, volutpat a, suscipit non, turpis.","publish","0","2016-10-15 07:55:27","1","open","","no","no","","59","","","","","","","visible","instock","no","no","","","","no","","","","","","","http://themes.uiueux.com/air/wp-content/uploads/sites/3/2016/10/9.jpg","","simple","Photography","",""
"Art Work 10","art-work-10","597","Praesent turpis. Aenean posuere, tortor sed cursus feugiat, nunc augue blandit nunc, eu sollicitudin urna dolor sagittis lacus. Donec elit libero, sodales nec, volutpat a, suscipit non, turpis.","Aenean tellus metus, bibendum sed, posuere ac, mattis non, nunc. Vestibulum fringilla pede sit amet augue. In turpis. Pellentesque posuere. Praesent turpis. Aenean posuere, tortor sed cursus feugiat, nunc augue blandit nunc, eu sollicitudin urna dolor sagittis lacus. Donec elit libero, sodales nec, volutpat a, suscipit non, turpis.","publish","0","2016-10-15 07:55:41","1","open","","no","no","","59","","","","","","","visible","instock","no","no","","","","no","","","","","","","http://themes.uiueux.com/air/wp-content/uploads/sites/3/2016/10/10.jpg","","simple","Photography","",""
"Art Work 11","art-work-11","598","Praesent turpis. Aenean posuere, tortor sed cursus feugiat, nunc augue blandit nunc, eu sollicitudin urna dolor sagittis lacus. Donec elit libero, sodales nec, volutpat a, suscipit non, turpis.","Aenean tellus metus, bibendum sed, posuere ac, mattis non, nunc. Vestibulum fringilla pede sit amet augue. In turpis. Pellentesque posuere. Praesent turpis. Aenean posuere, tortor sed cursus feugiat, nunc augue blandit nunc, eu sollicitudin urna dolor sagittis lacus. Donec elit libero, sodales nec, volutpat a, suscipit non, turpis.","publish","0","2016-10-15 07:55:56","1","open","","no","no","","59","","","","","","","visible","instock","no","no","","","","no","","","","","","","http://themes.uiueux.com/air/wp-content/uploads/sites/3/2016/10/11.jpg","","simple","Photography","",""
"Art Work 12","art-work-12","599","Praesent turpis. Aenean posuere, tortor sed cursus feugiat, nunc augue blandit nunc, eu sollicitudin urna dolor sagittis lacus. Donec elit libero, sodales nec, volutpat a, suscipit non, turpis.","Aenean tellus metus, bibendum sed, posuere ac, mattis non, nunc. Vestibulum fringilla pede sit amet augue. In turpis. Pellentesque posuere. Praesent turpis. Aenean posuere, tortor sed cursus feugiat, nunc augue blandit nunc, eu sollicitudin urna dolor sagittis lacus. Donec elit libero, sodales nec, volutpat a, suscipit non, turpis.

Praesent turpis. Aenean posuere, tortor sed cursus feugiat, nunc augue blandit nunc, eu sollicitudin urna dolor sagittis lacus. Donec elit libero, sodales nec, volutpat a, suscipit non, turpis.","publish","0","2016-10-15 07:57:19","1","open","","no","no","","59","","","","","","","visible","instock","no","no","","","","no","","","","","","","http://themes.uiueux.com/air/wp-content/uploads/sites/3/2016/10/12.jpg","","simple","Photography","",""
